,frame,time,class,min_confidence,bounding_box_x,bounding_box_y,bounding_box_x2,bounding_box_y2
0,362,6.033333333333333,graminia,0.6,0.4796875,0.0,0.5671875,0.1140625
1,390,6.5,caruru,0.6,0.615625,0.421875,0.778125,0.659375
2,391,6.516666666666667,caruru,0.6,0.6125,0.4125,0.7796875,0.6515625
3,392,6.533333333333333,caruru,0.6,0.6125,0.4,0.7765625,0.646875
4,393,6.55,caruru,0.6,0.6078125,0.3890625,0.7796875,0.6328125
5,394,6.566666666666666,caruru,0.6,0.6078125,0.375,0.7765625,0.621875
6,395,6.583333333333333,caruru,0.6,0.603125,0.3609375,0.778125,0.60625
7,396,6.6,caruru,0.6,0.6078125,0.35,0.778125,0.5984375
8,397,6.616666666666666,caruru,0.6,0.6109375,0.3390625,0.78125,0.5875
9,398,6.633333333333334,caruru,0.6,0.6140625,0.328125,0.778125,0.578125
10,399,6.65,caruru,0.6,0.609375,0.3140625,0.7796875,0.5609375
11,401,6.683333333333334,caruru,0.6,0.615625,0.290625,0.78125,0.5421875
12,402,6.7,graminia,0.6,0.8703125,0.9421875,0.9421875,1.0
13,402,6.7,caruru,0.6,0.6109375,0.278125,0.7828125,0.53125
14,403,6.716666666666667,caruru,0.6,0.6078125,0.265625,0.7796875,0.51875
15,405,6.75,caruru,0.6,0.60625,0.246875,0.778125,0.4984375
16,406,6.766666666666667,caruru,0.6,0.603125,0.2359375,0.778125,0.484375
17,409,6.816666666666666,caruru,0.6,0.603125,0.2,0.7765625,0.45
18,415,6.916666666666667,caruru,0.6,0.603125,0.140625,0.778125,0.3984375
19,418,6.966666666666667,graminia,0.6,0.85625,0.809375,0.9625,0.984375
20,418,6.966666666666667,caruru,0.6,0.6015625,0.1203125,0.78125,0.3765625
21,419,6.983333333333333,graminia,0.6,0.85625,0.8015625,0.9625,0.9796875
22,420,7.0,caruru,0.6,0.60625,0.1046875,0.78125,0.3578125
23,421,7.016666666666667,caruru,0.6,0.6015625,0.1,0.7796875,0.35
24,422,7.033333333333333,graminia,0.6,0.8578125,0.784375,0.9609375,0.9515625
25,422,7.033333333333333,caruru,0.6,0.603125,0.0953125,0.7828125,0.35
26,424,7.066666666666666,caruru,0.6,0.6046875,0.075,0.78125,0.3296875
27,425,7.083333333333333,caruru,0.6,0.60625,0.06875,0.7828125,0.321875
28,427,7.116666666666666,caruru,0.6,0.6046875,0.0515625,0.784375,0.3046875
29,428,7.133333333333334,caruru,0.6,0.6046875,0.046875,0.7828125,0.3
30,429,7.15,caruru,0.6,0.603125,0.0390625,0.784375,0.2890625
31,430,7.166666666666667,caruru,0.6,0.6046875,0.028125,0.7859375,0.28125
32,431,7.183333333333334,caruru,0.6,0.609375,0.0203125,0.784375,0.271875
33,433,7.216666666666667,graminia,0.6,0.865625,0.703125,0.9640625,0.88125
34,433,7.216666666666667,caruru,0.6,0.6109375,0.003125,0.7859375,0.2546875
35,435,7.25,graminia,0.6,0.8671875,0.6875,0.9625,0.85625
36,457,7.616666666666666,graminia,0.6,0.8609375,0.4796875,0.96875,0.653125
37,459,7.65,graminia,0.6,0.85625,0.45625,0.965625,0.63125
38,461,7.683333333333334,graminia,0.6,0.8546875,0.4359375,0.9671875,0.6234375
39,462,7.7,graminia,0.6,0.85625,0.4265625,0.96875,0.60625
40,464,7.733333333333333,graminia,0.6,0.859375,0.4015625,0.9703125,0.5828125
41,467,7.783333333333333,graminia,0.6,0.8578125,0.3734375,0.9703125,0.5578125
42,469,7.816666666666666,graminia,0.6,0.8625,0.3484375,0.9734375,0.5359375
43,470,7.833333333333333,graminia,0.6,0.865625,0.3359375,0.971875,0.525
44,471,7.85,graminia,0.6,0.8625,0.3234375,0.9703125,0.509375
45,473,7.883333333333334,graminia,0.6,0.8640625,0.3,0.975,0.4875
46,479,7.983333333333333,graminia,0.6,0.865625,0.225,0.9796875,0.4125
47,480,8.0,graminia,0.6,0.8640625,0.2140625,0.9796875,0.396875
48,481,8.016666666666667,graminia,0.6,0.865625,0.1984375,0.98125,0.3828125
49,482,8.033333333333333,graminia,0.6,0.8671875,0.1828125,0.9828125,0.371875
50,483,8.05,graminia,0.6,0.865625,0.171875,0.98125,0.3546875
51,484,8.066666666666666,graminia,0.6,0.8671875,0.1578125,0.9796875,0.3453125
52,485,8.083333333333334,graminia,0.6,0.865625,0.14375,0.98125,0.3359375
53,493,8.216666666666667,graminia,0.6,0.8734375,0.04375,0.9828125,0.1984375
54,494,8.233333333333333,graminia,0.6,0.8671875,0.03125,0.9828125,0.184375
55,495,8.25,graminia,0.6,0.865625,0.021875,0.98125,0.175
56,498,8.3,graminia,0.6,0.86875,0.0,0.9796875,0.1328125
57,499,8.316666666666666,graminia,0.6,0.8421875,0.7953125,0.9296875,0.9234375
58,499,8.316666666666666,graminia,0.6,0.86875,0.0,0.984375,0.1203125
59,500,8.333333333333334,graminia,0.6,0.8421875,0.7859375,0.9296875,0.915625
60,501,8.35,graminia,0.6,0.8421875,0.7765625,0.93125,0.9078125
61,502,8.366666666666667,graminia,0.6,0.8421875,0.7609375,0.9296875,0.896875
62,503,8.383333333333333,graminia,0.6,0.8421875,0.746875,0.9296875,0.8875
63,505,8.416666666666666,graminia,0.6,0.846875,0.725,0.9328125,0.8609375
64,507,8.45,graminia,0.6,0.846875,0.7,0.9328125,0.8359375
65,508,8.466666666666667,graminia,0.6,0.8453125,0.6890625,0.93125,0.8265625
66,509,8.483333333333333,graminia,0.6,0.8453125,0.678125,0.9296875,0.8125
67,510,8.5,graminia,0.6,0.846875,0.6765625,0.9328125,0.80625
68,515,8.583333333333334,graminia,0.6,0.846875,0.6203125,0.9359375,0.7515625
69,520,8.666666666666666,graminia,0.6,0.85,0.5578125,0.9421875,0.7015625
70,521,8.683333333333334,graminia,0.6,0.8515625,0.553125,0.9375,0.6921875
71,533,8.883333333333333,graminia,0.6,0.85,0.425,0.9453125,0.578125
72,535,8.916666666666666,graminia,0.6,0.85,0.4015625,0.9453125,0.5578125
73,537,8.95,graminia,0.6,0.8484375,0.378125,0.9484375,0.540625
74,538,8.966666666666667,graminia,0.6,0.8515625,0.3765625,0.946875,0.5328125
75,539,8.983333333333333,graminia,0.6,0.85,0.36875,0.9453125,0.5265625
76,540,9.0,graminia,0.6,0.8484375,0.35,0.9484375,0.5125
77,541,9.016666666666667,graminia,0.6,0.8484375,0.346875,0.9484375,0.5
78,542,9.033333333333333,graminia,0.6,0.8515625,0.33125,0.9484375,0.4984375
79,543,9.05,graminia,0.6,0.85,0.328125,0.9484375,0.4875
80,544,9.066666666666666,graminia,0.6,0.8515625,0.31875,0.946875,0.4765625
81,545,9.083333333333334,graminia,0.6,0.85,0.2984375,0.95,0.4640625
82,546,9.1,graminia,0.6,0.8578125,0.2984375,0.9484375,0.4578125
83,547,9.116666666666667,graminia,0.6,0.859375,0.2890625,0.95,0.4484375
84,548,9.133333333333333,graminia,0.6,0.853125,0.2765625,0.95,0.4375
85,552,9.2,graminia,0.6,0.85,0.23125,0.95,0.4015625
86,554,9.233333333333333,graminia,0.6,0.8625,0.221875,0.95,0.378125
87,558,9.3,graminia,0.6,0.8546875,0.184375,0.95,0.3515625
88,559,9.316666666666666,graminia,0.6,0.85625,0.1734375,0.95,0.340625
89,560,9.333333333333334,graminia,0.6,0.8578125,0.1703125,0.95,0.3296875
90,561,9.35,graminia,0.6,0.8703125,0.153125,0.9515625,0.328125
91,562,9.366666666666667,graminia,0.6,0.8625,0.146875,0.9515625,0.315625
92,563,9.383333333333333,graminia,0.6,0.8640625,0.14375,0.9484375,0.30625
93,564,9.4,graminia,0.6,0.865625,0.1265625,0.95,0.3046875
94,565,9.416666666666666,graminia,0.6,0.865625,0.1234375,0.95,0.290625
95,566,9.433333333333334,graminia,0.6,0.86875,0.1203125,0.95,0.2796875
96,568,9.466666666666667,graminia,0.6,0.86875,0.096875,0.9515625,0.2703125
97,571,9.516666666666667,graminia,0.6,0.871875,0.0765625,0.95,0.240625
98,572,9.533333333333333,graminia,0.6,0.8734375,0.0625,0.9515625,0.2328125
99,573,9.55,graminia,0.6,0.86875,0.05625,0.95,0.2203125
100,576,9.6,graminia,0.6,0.8671875,0.01875,0.9546875,0.1890625
101,577,9.616666666666667,graminia,0.6,0.8671875,0.0078125,0.9515625,0.1828125
102,578,9.633333333333333,graminia,0.6,0.8515625,0.003125,0.95625,0.1734375
103,579,9.65,graminia,0.6,0.865625,0.0,0.9546875,0.1625
104,581,9.683333333333334,graminia,0.6,0.8625,0.0,0.9546875,0.14375
105,582,9.7,graminia,0.6,0.8625,0.0,0.95625,0.1328125
106,583,9.716666666666667,graminia,0.6,0.8296875,0.0,0.9578125,0.125
107,584,9.733333333333333,graminia,0.6,0.8375,0.0,0.95625,0.11875
108,585,9.75,graminia,0.6,0.8546875,0.0,0.95625,0.1078125
109,586,9.766666666666667,graminia,0.6,0.8546875,0.0,0.9546875,0.096875
110,587,9.783333333333333,graminia,0.6,0.85,0.0,0.9578125,0.0859375
111,618,10.3,caruru,0.6,0.646875,0.921875,0.7875,0.9984375
112,622,10.366666666666667,caruru,0.6,0.6546875,0.86875,0.7703125,0.9890625
113,623,10.383333333333333,caruru,0.6,0.6546875,0.853125,0.7703125,0.965625
114,624,10.4,caruru,0.6,0.653125,0.840625,0.76875,0.99375
115,628,10.466666666666667,graminia,0.6,0.6546875,0.7765625,0.771875,0.959375
116,629,10.483333333333333,caruru,0.6,0.6546875,0.7703125,0.7703125,0.953125
117,630,10.5,graminia,0.6,0.6578125,0.7546875,0.76875,0.90625
118,632,10.533333333333333,caruru,0.6,0.6546875,0.721875,0.775,0.9078125
119,638,10.633333333333333,caruru,0.6,0.6515625,0.6203125,0.771875,0.809375
120,639,10.65,caruru,0.6,0.6484375,0.603125,0.7765625,0.8015625
121,640,10.666666666666666,caruru,0.6,0.6515625,0.596875,0.771875,0.784375
122,641,10.683333333333334,caruru,0.6,0.6546875,0.5875,0.771875,0.7734375
123,645,10.75,caruru,0.6,0.653125,0.525,0.7703125,0.7109375
124,648,10.8,graminia,0.6,0.0,0.4453125,0.0953125,0.6375
125,649,10.816666666666666,graminia,0.6,0.0,0.43125,0.0890625,0.628125
126,650,10.833333333333334,graminia,0.6,0.0,0.41875,0.0890625,0.6265625
127,651,10.85,graminia,0.6,0.0,0.403125,0.08125,0.6234375
128,652,10.866666666666667,graminia,0.6,0.0,0.3875,0.0890625,0.6171875
129,653,10.883333333333333,graminia,0.6,0.0,0.375,0.0921875,0.6046875
130,654,10.9,graminia,0.6,0.0,0.3671875,0.0796875,0.6
131,655,10.916666666666666,graminia,0.6,0.0,0.3546875,0.0703125,0.58125
132,656,10.933333333333334,graminia,0.6,0.0,0.3375,0.0734375,0.5640625
133,657,10.95,graminia,0.6,0.0,0.3234375,0.065625,0.5328125
134,658,10.966666666666667,graminia,0.6,0.1984375,0.8484375,0.290625,0.9921875
135,658,10.966666666666667,graminia,0.6,0.0,0.3140625,0.0671875,0.5234375
136,659,10.983333333333333,graminia,0.6,0.19375,0.834375,0.284375,0.9703125
137,660,11.0,graminia,0.6,0.190625,0.81875,0.2875,0.95
138,660,11.0,graminia,0.6,0.0,0.278125,0.0671875,0.5015625
139,661,11.016666666666667,graminia,0.6,0.1921875,0.7984375,0.2828125,0.9390625
140,661,11.016666666666667,graminia,0.6,0.0,0.271875,0.0671875,0.4984375
141,662,11.033333333333333,graminia,0.6,0.1921875,0.7859375,0.284375,0.9265625
142,662,11.033333333333333,graminia,0.6,0.0,0.2421875,0.06875,0.471875
143,663,11.05,graminia,0.6,0.1875,0.7640625,0.284375,0.9125
144,664,11.066666666666666,graminia,0.6,0.1828125,0.7484375,0.2828125,0.8921875
145,665,11.083333333333334,graminia,0.6,0.1828125,0.73125,0.284375,0.88125
146,666,11.1,graminia,0.6,0.18125,0.7109375,0.284375,0.859375
147,667,11.116666666666667,graminia,0.6,0.1796875,0.678125,0.284375,0.8484375
148,668,11.133333333333333,graminia,0.6,0.1796875,0.671875,0.2828125,0.828125
149,669,11.15,graminia,0.6,0.178125,0.6390625,0.2828125,0.815625
150,670,11.166666666666666,graminia,0.6,0.1765625,0.6125,0.28125,0.7984375
151,671,11.183333333333334,graminia,0.6,0.1703125,0.575,0.2765625,0.7828125
152,672,11.2,graminia,0.6,0.1671875,0.553125,0.2796875,0.7640625
153,673,11.216666666666667,graminia,0.6,0.159375,0.5359375,0.278125,0.746875
154,674,11.233333333333333,graminia,0.6,0.1671875,0.525,0.2765625,0.73125
155,675,11.25,graminia,0.6,0.1640625,0.51875,0.275,0.71875
156,676,11.266666666666667,graminia,0.6,0.159375,0.4953125,0.2734375,0.7015625
157,677,11.283333333333333,graminia,0.6,0.1609375,0.49375,0.2734375,0.68125
158,678,11.3,graminia,0.6,0.159375,0.4734375,0.2734375,0.675
159,679,11.316666666666666,graminia,0.6,0.15625,0.4625,0.2703125,0.659375
160,683,11.383333333333333,graminia,0.6,0.1546875,0.3875,0.2640625,0.59375
161,684,11.4,graminia,0.6,0.153125,0.371875,0.2640625,0.584375
162,685,11.416666666666666,graminia,0.6,0.1515625,0.3640625,0.26875,0.5734375
163,686,11.433333333333334,graminia,0.6,0.1484375,0.346875,0.2671875,0.5578125
164,687,11.45,graminia,0.6,0.1515625,0.33125,0.26875,0.5421875
165,688,11.466666666666667,graminia,0.6,0.15,0.3203125,0.2578125,0.5265625
166,689,11.483333333333333,graminia,0.6,0.146875,0.309375,0.2578125,0.5125
167,690,11.5,graminia,0.6,0.1484375,0.29375,0.259375,0.4921875
168,691,11.516666666666667,graminia,0.6,0.1515625,0.278125,0.2625,0.4828125
169,692,11.533333333333333,graminia,0.6,0.15,0.271875,0.265625,0.475
170,693,11.55,graminia,0.6,0.1484375,0.259375,0.2671875,0.4640625
171,694,11.566666666666666,graminia,0.6,0.1484375,0.240625,0.2640625,0.4515625
172,695,11.583333333333334,graminia,0.6,0.1484375,0.2375,0.2640625,0.440625
173,696,11.6,graminia,0.6,0.146875,0.2203125,0.265625,0.4296875
174,697,11.616666666666667,graminia,0.6,0.15,0.2125,0.2703125,0.41875
175,698,11.633333333333333,graminia,0.6,0.1484375,0.190625,0.2671875,0.4046875
176,699,11.65,graminia,0.6,0.15,0.1875,0.2671875,0.39375
177,700,11.666666666666666,graminia,0.6,0.1484375,0.171875,0.265625,0.38125
178,701,11.683333333333334,graminia,0.6,0.1484375,0.159375,0.26875,0.3671875
179,702,11.7,graminia,0.6,0.1484375,0.1453125,0.265625,0.353125
180,703,11.716666666666667,graminia,0.6,0.1453125,0.134375,0.265625,0.340625
181,704,11.733333333333333,graminia,0.6,0.14375,0.1203125,0.2671875,0.328125
182,705,11.75,graminia,0.6,0.14375,0.1078125,0.265625,0.315625
183,706,11.766666666666667,graminia,0.6,0.140625,0.0921875,0.2609375,0.303125
184,707,11.783333333333333,graminia,0.6,0.140625,0.0765625,0.2625,0.2890625
185,708,11.8,graminia,0.6,0.1359375,0.0703125,0.2640625,0.278125
186,709,11.816666666666666,graminia,0.6,0.1375,0.0421875,0.2625,0.2625
187,710,11.833333333333334,graminia,0.6,0.1375,0.0421875,0.2578125,0.25
188,711,11.85,graminia,0.6,0.134375,0.0203125,0.259375,0.234375
189,712,11.866666666666667,graminia,0.6,0.1328125,0.01875,0.259375,0.2234375
190,713,11.883333333333333,graminia,0.6,0.1296875,0.0,0.25625,0.2046875
191,714,11.9,graminia,0.6,0.125,0.0015625,0.2515625,0.1921875
192,715,11.916666666666666,graminia,0.6,0.128125,0.0,0.2515625,0.1796875
193,716,11.933333333333334,graminia,0.6,0.1265625,0.0,0.2484375,0.1640625
194,717,11.95,graminia,0.6,0.128125,0.0,0.246875,0.1484375
195,718,11.966666666666667,graminia,0.6,0.1296875,0.0,0.24375,0.13125
196,719,11.983333333333333,graminia,0.6,0.128125,0.0,0.240625,0.11875
197,720,12.0,graminia,0.6,0.128125,0.0,0.2390625,0.1046875
198,721,12.016666666666667,graminia,0.6,0.1203125,0.0,0.2328125,0.0875
199,723,12.05,graminia,0.6,0.5078125,0.8421875,0.628125,0.9921875
200,725,12.083333333333334,graminia,0.6,0.509375,0.875,0.6203125,0.975
201,726,12.1,graminia,0.6,0.5078125,0.85625,0.61875,0.9578125
202,727,12.116666666666667,graminia,0.6,0.5078125,0.846875,0.6203125,0.9515625
203,728,12.133333333333333,graminia,0.6,0.50625,0.790625,0.621875,0.9421875
204,729,12.15,graminia,0.6,0.509375,0.7796875,0.6265625,0.9296875
205,730,12.166666666666666,graminia,0.6,0.5078125,0.771875,0.6171875,0.9171875
206,731,12.183333333333334,graminia,0.6,0.509375,0.7640625,0.621875,0.9015625
207,732,12.2,graminia,0.6,0.5109375,0.7671875,0.6140625,0.8921875
208,733,12.216666666666667,graminia,0.6,0.5109375,0.7671875,0.61875,0.8765625
209,734,12.233333333333333,graminia,0.6,0.5125,0.75,0.6125,0.86875
210,735,12.25,graminia,0.6,0.5109375,0.7234375,0.6171875,0.85625
211,736,12.266666666666667,graminia,0.6,0.5078125,0.696875,0.6203125,0.846875
212,737,12.283333333333333,graminia,0.6,0.509375,0.68125,0.615625,0.8328125
213,738,12.3,graminia,0.6,0.509375,0.6828125,0.61875,0.8234375
214,739,12.316666666666666,graminia,0.6,0.509375,0.6671875,0.6140625,0.8046875
215,740,12.333333333333334,graminia,0.6,0.5078125,0.659375,0.61875,0.7953125
216,741,12.35,graminia,0.6,0.50625,0.634375,0.61875,0.7859375
217,742,12.366666666666667,graminia,0.6,0.50625,0.6203125,0.6171875,0.775
218,743,12.383333333333333,graminia,0.6,0.50625,0.6109375,0.6125,0.7578125
219,744,12.4,graminia,0.6,0.509375,0.6,0.615625,0.7453125
220,745,12.416666666666666,graminia,0.6,0.5078125,0.5890625,0.6125,0.73125
221,746,12.433333333333334,graminia,0.6,0.50625,0.5765625,0.6171875,0.71875
222,746,12.433333333333334,graminia,0.6,0.4921875,0.78125,0.6109375,0.9734375
223,747,12.45,graminia,0.6,0.509375,0.5609375,0.6125,0.703125
224,748,12.466666666666667,graminia,0.6,0.50625,0.5484375,0.61875,0.6953125
225,749,12.483333333333333,graminia,0.6,0.509375,0.5375,0.61875,0.6765625
226,750,12.5,graminia,0.6,0.5078125,0.5296875,0.621875,0.671875
227,751,12.516666666666667,graminia,0.6,0.50625,0.5203125,0.6140625,0.65625
228,752,12.533333333333333,graminia,0.6,0.509375,0.509375,0.615625,0.64375
229,753,12.55,graminia,0.6,0.50625,0.496875,0.615625,0.6375
230,754,12.566666666666666,graminia,0.6,0.509375,0.4875,0.6109375,0.625
231,755,12.583333333333334,graminia,0.6,0.509375,0.4765625,0.6125,0.6125
232,756,12.6,graminia,0.6,0.509375,0.46875,0.60625,0.5984375
233,757,12.616666666666667,graminia,0.6,0.509375,0.4625,0.603125,0.5765625
234,758,12.633333333333333,graminia,0.6,0.509375,0.440625,0.60625,0.5640625
235,759,12.65,graminia,0.6,0.5078125,0.421875,0.6046875,0.5640625
236,764,12.733333333333333,graminia,0.6,0.50625,0.35,0.60625,0.4828125
237,765,12.75,graminia,0.6,0.50625,0.3375,0.60625,0.4765625
238,766,12.766666666666667,graminia,0.6,0.509375,0.3296875,0.6046875,0.4640625
239,766,12.766666666666667,graminia,0.6,0.603125,0.1625,0.690625,0.3203125
240,767,12.783333333333333,graminia,0.6,0.50625,0.315625,0.6078125,0.453125
241,768,12.8,graminia,0.6,0.50625,0.3046875,0.6078125,0.4390625
242,769,12.816666666666666,graminia,0.6,0.50625,0.2921875,0.60625,0.428125
243,770,12.833333333333334,graminia,0.6,0.5078125,0.28125,0.60625,0.4171875
244,771,12.85,graminia,0.6,0.50625,0.26875,0.6078125,0.409375
245,772,12.866666666666667,graminia,0.6,0.50625,0.259375,0.6078125,0.403125
246,772,12.866666666666667,graminia,0.6,0.59375,0.075,0.7,0.2484375
247,773,12.883333333333333,graminia,0.6,0.50625,0.2453125,0.609375,0.3875
248,773,12.883333333333333,graminia,0.6,0.4828125,0.4671875,0.5953125,0.5703125
249,773,12.883333333333333,graminia,0.6,0.5921875,0.06875,0.6984375,0.2328125
250,774,12.9,graminia,0.6,0.50625,0.2359375,0.6078125,0.378125
251,774,12.9,graminia,0.6,0.590625,0.0140625,0.696875,0.2265625
252,774,12.9,graminia,0.6,0.4828125,0.4546875,0.5953125,0.55625
253,775,12.916666666666666,graminia,0.6,0.50625,0.2234375,0.6078125,0.3671875
254,775,12.916666666666666,graminia,0.6,0.5890625,0.009375,0.684375,0.21875
255,775,12.916666666666666,graminia,0.6,0.484375,0.44375,0.596875,0.5453125
256,776,12.933333333333334,graminia,0.6,0.5046875,0.2125,0.60625,0.36875
257,776,12.933333333333334,graminia,0.6,0.5859375,0.003125,0.69375,0.2078125
258,776,12.933333333333334,graminia,0.6,0.4828125,0.4328125,0.5953125,0.5359375
259,777,12.95,graminia,0.6,0.5046875,0.203125,0.6078125,0.353125
260,777,12.95,graminia,0.6,0.5875,0.0,0.69375,0.1984375
261,777,12.95,graminia,0.6,0.4828125,0.4203125,0.596875,0.5265625
262,778,12.966666666666667,graminia,0.6,0.5875,0.0,0.6984375,0.18125
263,778,12.966666666666667,graminia,0.6,0.5015625,0.190625,0.6078125,0.3421875
264,779,12.983333333333333,graminia,0.6,0.5828125,0.0,0.7046875,0.175
265,779,12.983333333333333,graminia,0.6,0.5015625,0.1765625,0.6078125,0.3375
266,779,12.983333333333333,graminia,0.6,0.4828125,0.396875,0.59375,0.49375
267,780,13.0,graminia,0.6,0.5046875,0.1640625,0.6078125,0.3140625
268,780,13.0,graminia,0.6,0.5890625,0.0,0.696875,0.1703125
269,780,13.0,graminia,0.6,0.4828125,0.384375,0.596875,0.4796875
270,781,13.016666666666667,graminia,0.6,0.571875,0.0,0.696875,0.1515625
271,781,13.016666666666667,graminia,0.6,0.5046875,0.153125,0.6078125,0.296875
272,781,13.016666666666667,graminia,0.6,0.48125,0.3703125,0.596875,0.4734375
273,782,13.033333333333333,graminia,0.6,0.503125,0.1421875,0.60625,0.296875
274,782,13.033333333333333,graminia,0.6,0.4796875,0.3640625,0.59375,0.465625
275,782,13.033333333333333,graminia,0.6,0.5671875,0.0,0.69375,0.140625
276,783,13.05,graminia,0.6,0.503125,0.13125,0.609375,0.303125
277,783,13.05,graminia,0.6,0.553125,0.0,0.709375,0.128125
278,783,13.05,graminia,0.6,0.48125,0.35,0.5953125,0.45625
279,784,13.066666666666666,graminia,0.6,0.5015625,0.1203125,0.609375,0.284375
280,784,13.066666666666666,graminia,0.6,0.4796875,0.3421875,0.5953125,0.4421875
281,784,13.066666666666666,graminia,0.6,0.55,0.0,0.70625,0.1203125
282,785,13.083333333333334,graminia,0.6,0.5,0.1125,0.609375,0.2765625
283,785,13.083333333333334,graminia,0.6,0.4796875,0.3296875,0.5953125,0.4328125
284,786,13.1,graminia,0.6,0.4796875,0.3171875,0.590625,0.4234375
285,786,13.1,graminia,0.6,0.5,0.096875,0.609375,0.271875
286,787,13.116666666666667,graminia,0.6,0.496875,0.0859375,0.6109375,0.2625
287,787,13.116666666666667,graminia,0.6,0.4765625,0.3078125,0.5921875,0.4125
288,788,13.133333333333333,graminia,0.6,0.4796875,0.29375,0.59375,0.4046875
289,788,13.133333333333333,graminia,0.6,0.4984375,0.075,0.6109375,0.2484375
290,789,13.15,graminia,0.6,0.5,0.0625,0.609375,0.2375
291,789,13.15,graminia,0.6,0.478125,0.284375,0.590625,0.390625
292,790,13.166666666666666,graminia,0.6,0.4765625,0.2734375,0.590625,0.38125
293,790,13.166666666666666,graminia,0.6,0.4984375,0.05,0.609375,0.228125
294,791,13.183333333333334,graminia,0.6,0.478125,0.2640625,0.59375,0.371875
295,791,13.183333333333334,graminia,0.6,0.4984375,0.0390625,0.609375,0.209375
296,792,13.2,graminia,0.6,0.478125,0.2515625,0.59375,0.35625
297,792,13.2,graminia,0.6,0.4984375,0.0265625,0.6109375,0.20625
298,793,13.216666666666667,graminia,0.6,0.4765625,0.240625,0.590625,0.3453125
299,793,13.216666666666667,graminia,0.6,0.496875,0.0171875,0.6109375,0.19375
300,794,13.233333333333333,graminia,0.6,0.4984375,0.0046875,0.6109375,0.1671875
301,794,13.233333333333333,graminia,0.6,0.478125,0.2296875,0.5921875,0.3390625
302,795,13.25,graminia,0.6,0.4765625,0.2203125,0.5921875,0.3296875
303,795,13.25,graminia,0.6,0.49375,0.0,0.6109375,0.1578125
304,796,13.266666666666667,graminia,0.6,0.4921875,0.0,0.6109375,0.1484375
305,796,13.266666666666667,graminia,0.6,0.475,0.2046875,0.59375,0.315625
306,797,13.283333333333333,graminia,0.6,0.4734375,0.1921875,0.5921875,0.3046875
307,797,13.283333333333333,graminia,0.6,0.4890625,0.0,0.609375,0.134375
308,798,13.3,graminia,0.6,0.4734375,0.1796875,0.5953125,0.2921875
309,798,13.3,graminia,0.6,0.4875,0.0,0.5984375,0.1375
310,799,13.316666666666666,graminia,0.6,0.4703125,0.165625,0.590625,0.2828125
311,800,13.333333333333334,graminia,0.6,0.471875,0.1546875,0.5875,0.2703125
312,801,13.35,graminia,0.6,0.46875,0.140625,0.5890625,0.259375
313,802,13.366666666666667,graminia,0.6,0.4703125,0.1296875,0.5859375,0.2421875
314,803,13.383333333333333,graminia,0.6,0.4625,0.1171875,0.590625,0.2328125
315,804,13.4,graminia,0.6,0.465625,0.103125,0.590625,0.21875
316,805,13.416666666666666,graminia,0.6,0.4671875,0.090625,0.590625,0.20625
317,806,13.433333333333334,graminia,0.6,0.4625,0.0765625,0.5890625,0.190625
318,807,13.45,graminia,0.6,0.4609375,0.059375,0.5875,0.1796875
319,808,13.466666666666667,graminia,0.6,0.459375,0.046875,0.5890625,0.1671875
320,809,13.483333333333333,graminia,0.6,0.4578125,0.0328125,0.5890625,0.153125
321,810,13.5,graminia,0.6,0.459375,0.01875,0.584375,0.140625
322,811,13.516666666666667,graminia,0.6,0.4578125,0.0046875,0.5875,0.125
323,812,13.533333333333333,graminia,0.6,0.453125,0.0,0.5890625,0.1125
324,813,13.55,graminia,0.6,0.453125,0.0,0.5875,0.1015625
325,814,13.566666666666666,graminia,0.6,0.4578125,0.0,0.5796875,0.0890625
326,892,14.866666666666667,graminia,0.6,0.875,0.8984375,0.9984375,0.9984375
327,893,14.883333333333333,graminia,0.6,0.8953125,0.884375,0.9984375,0.9984375
328,894,14.9,graminia,0.6,0.9015625,0.8734375,0.9984375,0.9984375
329,895,14.916666666666666,graminia,0.6,0.8984375,0.8578125,0.9984375,0.9984375
330,896,14.933333333333334,graminia,0.6,0.8921875,0.8484375,1.0,0.9984375
331,897,14.95,graminia,0.6,0.8921875,0.8421875,1.0,0.9984375
332,898,14.966666666666667,graminia,0.6,0.8890625,0.8234375,1.0,0.9984375
333,899,14.983333333333333,graminia,0.6,0.8859375,0.8171875,1.0,0.9984375
334,900,15.0,graminia,0.6,0.890625,0.796875,0.9984375,0.9984375
335,901,15.016666666666667,graminia,0.6,0.890625,0.7859375,0.9984375,0.9921875
336,902,15.033333333333333,graminia,0.6,0.890625,0.7765625,1.0,0.98125
337,903,15.05,graminia,0.6,0.8921875,0.7671875,0.9984375,0.9734375
338,904,15.066666666666666,graminia,0.6,0.8921875,0.759375,1.0,0.9578125
339,905,15.083333333333334,graminia,0.6,0.890625,0.7453125,0.9984375,0.9453125
340,906,15.1,graminia,0.6,0.8875,0.7296875,0.9984375,0.9359375
341,907,15.116666666666667,graminia,0.6,0.8921875,0.7203125,0.9984375,0.9265625
342,908,15.133333333333333,graminia,0.6,0.8921875,0.7046875,0.9984375,0.9140625
343,909,15.15,graminia,0.6,0.8875,0.6953125,1.0,0.9046875
344,910,15.166666666666666,graminia,0.6,0.8921875,0.684375,1.0,0.8953125
345,911,15.183333333333334,graminia,0.6,0.89375,0.671875,1.0,0.8828125
346,912,15.2,graminia,0.6,0.9,0.653125,1.0,0.8703125
347,913,15.216666666666667,graminia,0.6,0.9015625,0.6421875,1.0,0.8546875
348,914,15.233333333333333,graminia,0.6,0.8984375,0.6265625,1.0,0.84375
349,915,15.25,graminia,0.6,0.8953125,0.61875,1.0,0.8328125
350,916,15.266666666666667,graminia,0.6,0.9,0.6015625,1.0,0.8203125
351,917,15.283333333333333,graminia,0.6,0.903125,0.5921875,1.0,0.80625
352,918,15.3,graminia,0.6,0.9015625,0.5734375,1.0,0.7953125
353,919,15.316666666666666,graminia,0.6,0.903125,0.5640625,1.0,0.7828125
354,920,15.333333333333334,graminia,0.6,0.896875,0.5421875,1.0,0.7765625
355,921,15.35,graminia,0.6,0.896875,0.5375,1.0,0.7609375
356,922,15.366666666666667,graminia,0.6,0.9,0.5203125,1.0,0.746875
357,923,15.383333333333333,graminia,0.6,0.9015625,0.509375,1.0,0.7359375
358,924,15.4,graminia,0.6,0.8984375,0.4921875,1.0,0.728125
359,925,15.416666666666666,graminia,0.6,0.9,0.4796875,1.0,0.715625
360,926,15.433333333333334,graminia,0.6,0.8984375,0.4625,1.0,0.7046875
361,927,15.45,graminia,0.6,0.9015625,0.4484375,1.0,0.6921875
362,928,15.466666666666667,graminia,0.6,0.9,0.4359375,1.0,0.678125
363,929,15.483333333333333,graminia,0.6,0.9015625,0.41875,1.0,0.665625
364,930,15.5,graminia,0.6,0.8984375,0.4125,1.0,0.6546875
365,931,15.516666666666667,graminia,0.6,0.9015625,0.3953125,1.0,0.6453125
366,932,15.533333333333333,graminia,0.6,0.9015625,0.3875,1.0,0.6296875
367,933,15.55,graminia,0.6,0.9015625,0.3734375,1.0,0.6234375
368,934,15.566666666666666,graminia,0.6,0.9,0.3609375,1.0,0.60625
369,935,15.583333333333334,graminia,0.6,0.903125,0.3421875,1.0,0.59375
370,936,15.6,graminia,0.6,0.9015625,0.3296875,1.0,0.58125
371,937,15.616666666666667,graminia,0.6,0.9015625,0.3171875,1.0,0.56875
372,938,15.633333333333333,graminia,0.6,0.9015625,0.3015625,1.0,0.5546875
373,939,15.65,graminia,0.6,0.903125,0.2890625,1.0,0.5453125
374,940,15.666666666666666,graminia,0.6,0.9015625,0.2734375,1.0,0.53125
375,941,15.683333333333334,graminia,0.6,0.9015625,0.2625,1.0,0.5234375
376,942,15.7,graminia,0.6,0.903125,0.2453125,1.0,0.5078125
377,943,15.716666666666667,graminia,0.6,0.903125,0.234375,1.0,0.4984375
378,944,15.733333333333333,graminia,0.6,0.9015625,0.215625,1.0,0.4828125
379,945,15.75,graminia,0.6,0.9015625,0.209375,1.0,0.471875
380,946,15.766666666666667,graminia,0.6,0.903125,0.1890625,1.0,0.45625
381,947,15.783333333333333,graminia,0.6,0.903125,0.18125,1.0,0.4484375
382,948,15.8,graminia,0.6,0.903125,0.165625,1.0,0.4296875
383,949,15.816666666666666,graminia,0.6,0.903125,0.15625,1.0,0.4234375
384,950,15.833333333333334,graminia,0.6,0.903125,0.1375,1.0,0.4078125
385,951,15.85,graminia,0.6,0.9046875,0.1234375,1.0,0.3984375
386,952,15.866666666666667,graminia,0.6,0.903125,0.1140625,1.0,0.3828125
387,953,15.883333333333333,graminia,0.6,0.903125,0.1,1.0,0.3734375
388,954,15.9,graminia,0.6,0.9046875,0.0875,1.0,0.359375
389,955,15.916666666666666,graminia,0.6,0.909375,0.071875,0.9984375,0.3515625
390,956,15.933333333333334,graminia,0.6,0.9109375,0.05625,1.0,0.328125
391,957,15.95,graminia,0.6,0.9078125,0.0453125,1.0,0.3203125
392,958,15.966666666666667,graminia,0.6,0.9046875,0.025,1.0,0.3015625
393,959,15.983333333333333,graminia,0.6,0.9046875,0.0171875,1.0,0.2921875
394,960,16.0,graminia,0.6,0.909375,0.0,0.9984375,0.278125
395,961,16.016666666666666,graminia,0.6,0.9140625,0.0,0.9984375,0.2734375
396,962,16.033333333333335,graminia,0.6,0.9125,0.0,0.9984375,0.2515625
397,963,16.05,graminia,0.6,0.9125,0.0,0.9984375,0.24375
398,963,16.05,graminia,0.6,0.16875,0.8453125,0.26875,0.9984375
399,964,16.066666666666666,graminia,0.6,0.9046875,0.0,1.0,0.225
400,965,16.083333333333332,graminia,0.6,0.9109375,0.0015625,1.0,0.2125
401,966,16.1,graminia,0.6,0.9125,0.003125,0.9984375,0.196875
402,967,16.116666666666667,graminia,0.6,0.9078125,0.0,1.0,0.184375
403,967,16.116666666666667,graminia,0.6,0.1671875,0.7953125,0.2703125,0.990625
404,968,16.133333333333333,graminia,0.6,0.9125,0.0,1.0,0.1703125
405,968,16.133333333333333,graminia,0.6,0.16875,0.778125,0.2703125,0.9765625
406,969,16.15,graminia,0.6,0.909375,0.0,0.9984375,0.1578125
407,969,16.15,graminia,0.6,0.16875,0.771875,0.26875,0.9578125
408,970,16.166666666666668,graminia,0.6,0.90625,0.0,0.9984375,0.140625
409,970,16.166666666666668,graminia,0.6,0.1671875,0.753125,0.26875,0.9484375
410,971,16.183333333333334,graminia,0.6,0.9109375,0.0,0.9984375,0.1296875
411,971,16.183333333333334,graminia,0.6,0.1671875,0.74375,0.2671875,0.9328125
412,979,16.316666666666666,graminia,0.6,0.0375,0.44375,0.11875,0.5625
413,983,16.383333333333333,graminia,0.6,0.14375,0.421875,0.2609375,0.559375
414,988,16.466666666666665,graminia,0.6,0.140625,0.3421875,0.2453125,0.4828125
415,989,16.483333333333334,graminia,0.6,0.140625,0.3234375,0.2328125,0.465625
416,990,16.5,graminia,0.6,0.1359375,0.309375,0.2328125,0.45625
417,990,16.5,graminia,0.6,0.153125,0.4953125,0.25,0.675
418,991,16.516666666666666,graminia,0.6,0.1390625,0.3,0.2328125,0.4390625
419,992,16.533333333333335,graminia,0.6,0.1375,0.2890625,0.23125,0.4265625
420,993,16.55,graminia,0.6,0.13125,0.2671875,0.228125,0.4125
421,993,16.55,graminia,0.6,0.146875,0.4671875,0.259375,0.640625
422,994,16.566666666666666,graminia,0.6,0.1265625,0.2515625,0.23125,0.3984375
423,995,16.583333333333332,graminia,0.6,0.125,0.2453125,0.23125,0.3875
424,996,16.6,graminia,0.6,0.11875,0.2234375,0.23125,0.375
425,997,16.616666666666667,graminia,0.6,0.1203125,0.2140625,0.23125,0.3625
426,998,16.633333333333333,graminia,0.6,0.1203125,0.2140625,0.228125,0.3484375
427,999,16.65,graminia,0.6,0.11875,0.19375,0.2296875,0.3375
428,999,16.65,graminia,0.6,0.1390625,0.3625,0.2734375,0.65
429,1000,16.666666666666668,graminia,0.6,0.1234375,0.1859375,0.225,0.3265625
430,1001,16.683333333333334,graminia,0.6,0.1234375,0.1734375,0.2296875,0.3140625
431,1002,16.7,graminia,0.6,0.121875,0.171875,0.225,0.3046875
432,1003,16.716666666666665,graminia,0.6,0.121875,0.1609375,0.2296875,0.2921875
433,1004,16.733333333333334,graminia,0.6,0.1203125,0.1515625,0.2296875,0.284375
434,1005,16.75,graminia,0.6,0.1234375,0.146875,0.2265625,0.26875
435,1006,16.766666666666666,graminia,0.6,0.1203125,0.1296875,0.2296875,0.259375
436,1007,16.783333333333335,graminia,0.6,0.121875,0.1203125,0.2265625,0.24375
437,1008,16.8,graminia,0.6,0.1203125,0.10625,0.215625,0.2328125
438,1009,16.816666666666666,graminia,0.6,0.11875,0.0953125,0.2140625,0.2203125
439,1010,16.833333333333332,graminia,0.6,0.11875,0.075,0.215625,0.2109375
440,1012,16.866666666666667,graminia,0.6,0.115625,0.05,0.2125,0.18125
441,1014,16.9,graminia,0.6,0.1125,0.00625,0.215625,0.159375
442,1015,16.916666666666668,graminia,0.6,0.1125,0.0015625,0.2203125,0.1453125
443,1016,16.933333333333334,graminia,0.6,0.1125,0.0,0.221875,0.1296875
444,1017,16.95,graminia,0.6,0.10625,0.0,0.221875,0.115625
445,1018,16.966666666666665,graminia,0.6,0.0953125,0.0,0.2234375,0.10625
446,1018,16.966666666666665,graminia,0.6,0.0484375,0.0,0.2234375,0.1109375
447,1019,16.983333333333334,graminia,0.6,0.0578125,0.0,0.225,0.0921875
448,1020,17.0,graminia,0.6,0.125,0.115625,0.2453125,0.303125
449,1021,17.016666666666666,graminia,0.6,0.121875,0.103125,0.246875,0.290625
450,1022,17.033333333333335,graminia,0.6,0.121875,0.0765625,0.246875,0.2734375
451,1023,17.05,graminia,0.6,0.121875,0.0703125,0.2421875,0.2625
452,1024,17.066666666666666,graminia,0.6,0.11875,0.053125,0.2390625,0.246875
453,1026,17.1,graminia,0.6,0.1203125,0.0296875,0.25,0.2171875
454,1027,17.116666666666667,graminia,0.6,0.1171875,0.009375,0.25,0.1984375
455,1028,17.133333333333333,graminia,0.6,0.1171875,0.0015625,0.24375,0.18125
456,1029,17.15,graminia,0.6,0.115625,0.0,0.25,0.1671875
457,1030,17.166666666666668,graminia,0.6,0.11875,0.0,0.246875,0.15
458,1032,17.2,graminia,0.6,0.1203125,0.0,0.25,0.140625
459,1034,17.233333333333334,graminia,0.6,0.115625,0.0,0.246875,0.1140625
460,1069,17.816666666666666,graminia,0.6,0.4578125,0.3421875,0.515625,0.415625
461,1082,18.033333333333335,graminia,0.6,0.4546875,0.1390625,0.5109375,0.2265625
462,1131,18.85,graminia,0.6,0.6609375,0.875,0.7328125,0.990625
463,1132,18.866666666666667,graminia,0.6,0.6578125,0.865625,0.734375,0.978125
464,1133,18.883333333333333,graminia,0.6,0.659375,0.85625,0.7328125,0.9625
465,1134,18.9,graminia,0.6,0.6625,0.84375,0.734375,0.94375
466,1135,18.916666666666668,graminia,0.6,0.6609375,0.8328125,0.734375,0.934375
467,1136,18.933333333333334,graminia,0.6,0.659375,0.815625,0.7328125,0.9234375
468,1137,18.95,graminia,0.6,0.659375,0.8015625,0.7328125,0.9109375
469,1138,18.966666666666665,graminia,0.6,0.659375,0.7859375,0.73125,0.896875
470,1139,18.983333333333334,graminia,0.6,0.659375,0.775,0.73125,0.8875
471,1140,19.0,graminia,0.6,0.6625,0.7609375,0.7328125,0.86875
472,1141,19.016666666666666,graminia,0.6,0.6625,0.7484375,0.73125,0.859375
473,1142,19.033333333333335,graminia,0.6,0.6640625,0.7359375,0.73125,0.8421875
474,1143,19.05,graminia,0.6,0.6609375,0.721875,0.73125,0.834375
475,1144,19.066666666666666,graminia,0.6,0.6625,0.7109375,0.728125,0.8140625
476,1145,19.083333333333332,graminia,0.6,0.6609375,0.6921875,0.728125,0.8015625
477,1146,19.1,graminia,0.6,0.6625,0.6828125,0.7296875,0.7859375
478,1147,19.116666666666667,graminia,0.6,0.6609375,0.6640625,0.7296875,0.7734375
479,1148,19.133333333333333,graminia,0.6,0.659375,0.6546875,0.7296875,0.7640625
480,1149,19.15,graminia,0.6,0.6609375,0.6375,0.7265625,0.7484375
481,1150,19.166666666666668,graminia,0.6,0.6609375,0.6296875,0.7265625,0.7375
482,1152,19.2,graminia,0.6,0.65625,0.596875,0.73125,0.7125
483,1153,19.216666666666665,graminia,0.6,0.6609375,0.5859375,0.7296875,0.6984375
484,1154,19.233333333333334,graminia,0.6,0.65625,0.5734375,0.73125,0.6875
485,1155,19.25,graminia,0.6,0.6609375,0.5609375,0.728125,0.6734375
486,1156,19.266666666666666,graminia,0.6,0.659375,0.5453125,0.7265625,0.6609375
487,1157,19.283333333333335,graminia,0.6,0.659375,0.534375,0.728125,0.6453125
488,1159,19.316666666666666,graminia,0.6,0.6609375,0.5046875,0.728125,0.6140625
489,1161,19.35,graminia,0.6,0.65625,0.4703125,0.728125,0.5859375
490,1162,19.366666666666667,graminia,0.6,0.6578125,0.4578125,0.7296875,0.5734375
491,1163,19.383333333333333,graminia,0.6,0.653125,0.4421875,0.7296875,0.5578125
492,1164,19.4,graminia,0.6,0.6546875,0.428125,0.7265625,0.5359375
493,1168,19.466666666666665,graminia,0.6,0.6578125,0.3546875,0.725,0.45625
494,1169,19.483333333333334,graminia,0.6,0.653125,0.3359375,0.7234375,0.4359375
495,1170,19.5,graminia,0.6,0.6515625,0.3171875,0.721875,0.428125
496,1171,19.516666666666666,graminia,0.6,0.653125,0.3015625,0.725,0.415625
497,1172,19.533333333333335,graminia,0.6,0.65,0.284375,0.721875,0.3953125
498,1173,19.55,graminia,0.6,0.653125,0.265625,0.725,0.3828125
499,1174,19.566666666666666,graminia,0.6,0.6515625,0.253125,0.725,0.3671875
500,1175,19.583333333333332,graminia,0.6,0.6515625,0.2328125,0.725,0.3484375
501,1177,19.616666666666667,graminia,0.6,0.6515625,0.2015625,0.728125,0.3171875
502,1178,19.633333333333333,graminia,0.6,0.6546875,0.184375,0.728125,0.296875
503,1179,19.65,graminia,0.6,0.6546875,0.1625,0.728125,0.284375
504,1180,19.666666666666668,graminia,0.6,0.6515625,0.14375,0.728125,0.265625
505,1181,19.683333333333334,graminia,0.6,0.653125,0.1296875,0.728125,0.2421875
506,1183,19.716666666666665,graminia,0.6,0.653125,0.090625,0.7296875,0.2171875
507,1184,19.733333333333334,graminia,0.6,0.6546875,0.0796875,0.7265625,0.1921875
508,1186,19.766666666666666,graminia,0.6,0.6546875,0.0375,0.73125,0.1625
509,1189,19.816666666666666,graminia,0.6,0.6515625,0.0,0.73125,0.1109375
510,1190,19.833333333333332,graminia,0.6,0.64375,0.0,0.734375,0.0953125
511,1196,19.933333333333334,graminia,0.6,0.425,0.271875,0.51875,0.4328125
512,1201,20.016666666666666,graminia,0.6,0.4328125,0.2046875,0.515625,0.3609375
513,1202,20.033333333333335,graminia,0.6,0.43125,0.1859375,0.51875,0.3515625
514,1204,20.066666666666666,graminia,0.6,0.4328125,0.1625,0.5203125,0.325
515,1205,20.083333333333332,graminia,0.6,0.43125,0.15,0.51875,0.3078125
516,1206,20.1,graminia,0.6,0.43125,0.1328125,0.5234375,0.303125
517,1207,20.116666666666667,graminia,0.6,0.43125,0.121875,0.521875,0.284375
518,1209,20.15,graminia,0.6,0.428125,0.09375,0.5234375,0.253125
519,1213,20.216666666666665,graminia,0.6,0.4265625,0.0328125,0.5234375,0.2046875
520,1214,20.233333333333334,graminia,0.6,0.428125,0.0234375,0.5203125,0.1828125
521,1215,20.25,graminia,0.6,0.428125,0.009375,0.5203125,0.16875
522,1216,20.266666666666666,graminia,0.6,0.4265625,0.0,0.528125,0.1546875
523,1218,20.3,graminia,0.6,0.4234375,0.0,0.525,0.125
524,1264,21.066666666666666,caruru,0.6,0.0,0.5703125,0.103125,0.903125
525,1402,23.366666666666667,caruru,0.6,0.10625,0.0,0.8578125,0.9640625
526,1404,23.4,caruru,0.6,0.0609375,0.0,0.80625,0.965625
527,1405,23.416666666666668,caruru,0.6,0.10625,0.0,0.8484375,0.9171875
528,1407,23.45,caruru,0.6,0.0609375,0.0,0.80625,0.921875
529,1408,23.466666666666665,caruru,0.6,0.109375,0.0,0.853125,0.9140625
530,1634,27.233333333333334,graminia,0.6,0.18125,0.76875,0.2359375,0.8515625
